title,company,location,apply_link
Software Developer (Python),Picnic,"Amsterdam, Netherlands",https://stackoverflow.com/jobs/292346
Full-Stack Engineer (Python OR Javascript),Neo4j,"Malmö, Sweden",https://stackoverflow.com/jobs/362199
Infrastructure Developer - Python,JPMorgan Chase & Co.,"Hyderabad, India",https://stackoverflow.com/jobs/396986
Python Backend Engineer,Geomagical Labs,"Mountain View, CA",https://stackoverflow.com/jobs/382282
Senior Python Engineer,Bulb Energy,"London, UK",https://stackoverflow.com/jobs/396265
senior python developer,HaysviaHays plc,"London, UK",https://stackoverflow.com/jobs/387197
Python Software Developer,"Old Mission Capital, LLC","Chicago, IL",https://stackoverflow.com/jobs/237203
Senior Full Stack Developer (Python & Javascript),Perch Security,"Tampa, FL",https://stackoverflow.com/jobs/286952
Senior Software Engineer (.py),Lime,"Lund, Sweden",https://stackoverflow.com/jobs/396058
Python Back End Engineer,Loadsmart,"Florianópolis, Brazil",https://stackoverflow.com/jobs/392610
Python Full Stack Developer,REPAY,"Tempe, AZ",https://stackoverflow.com/jobs/386498
Software Engineer (Python),Bright Network,"Edinburgh, UK",https://stackoverflow.com/jobs/394447
python developer,pentoz technology,"Bengaluru, India",https://stackoverflow.com/jobs/380339
Python Developer,Cboe Global MarketsviaHays plc,"London, UK",https://stackoverflow.com/jobs/397043
Backend Software Engineer (Python),Finsera,No office location,https://stackoverflow.com/jobs/359294
Python Architect,Hashedin,"Bengaluru, India",https://stackoverflow.com/jobs/349741
Python Developer,InfoMagnus,"Hyderabad, India",https://stackoverflow.com/jobs/343508
Full Stack Developer - Python & Django,LiveHealth,"Pune, India",https://stackoverflow.com/jobs/387071
Senior Full-stack web developer - Python,CBOE Global MarketsviaHays plc,"London, UK",https://stackoverflow.com/jobs/355023
Lead Software Engineer (m/w/d) Python/Javascript/Node.js,auteon GmbH,"München, Deutschland",https://stackoverflow.com/jobs/397316
Senior Python Engineer,SteepRock Inc,"Austin, TX",https://stackoverflow.com/jobs/383269
Python Developer,Edgefinity,"Bengaluru, India",https://stackoverflow.com/jobs/380359
Python Developer,6sense,"Bengaluru, India",https://stackoverflow.com/jobs/380355
Junior Python Backend Developer,Finpoint,"Bengaluru, India",https://stackoverflow.com/jobs/349727
Software Engineer - mid-senior; python & javascript,Envelop Risk,"Bristol, UK",https://stackoverflow.com/jobs/355667
Full-Stack Python Engineer,Gorgias,No office location,https://stackoverflow.com/jobs/374584
Python Developer,Inspire Global Solutions,"Mysuru, India",https://stackoverflow.com/jobs/347298
Python Developer,Acumen Technical Advisory Private Limited,"Bengaluru, India",https://stackoverflow.com/jobs/380357
Mid-Level Backend Software Engineer (Python / Django),Tivix,"Wrocław, Poland",https://stackoverflow.com/jobs/347101
Backend Software Engineer (Python / Django),Tivix,"London, UK",https://stackoverflow.com/jobs/347102
Python Web Developer,technosoft corporation,"Chennai, India",https://stackoverflow.com/jobs/322638
Pythonエンジニア / システムインテグレータ・ソフトハウス,株式会社 ゼロフィールド,"Minato City, Japan",https://stackoverflow.com/jobs/321979
Python Developer,InfoMagnus,"Hyderabad, India",https://stackoverflow.com/jobs/343508
Python Developer,Grid Logic Software Private Limited,"Hyderabad, India",https://stackoverflow.com/jobs/364555
Python Developer,Karvy Analytics,"Hyderabad, India",https://stackoverflow.com/jobs/364556
Senior Python Backend Developer,Finpoint,"Bengaluru, India",https://stackoverflow.com/jobs/349797
Senior Full-stack web developer - Python,CBOE Global MarketsviaHays plc,"London, UK",https://stackoverflow.com/jobs/355023
Full Stack Developer – Python,Crediwatch,"Bengaluru, India",https://stackoverflow.com/jobs/380374
"Python Developer DJANGO,Flask",NuSecond Technologies Private Limited,"Chennai, India",https://stackoverflow.com/jobs/382880
Backend Developer (Python + Django),Hansel Pvt. Ltd.,"Bengaluru, India",https://stackoverflow.com/jobs/349749
Junior Python Backend Developer,Finpoint,"Bengaluru, India",https://stackoverflow.com/jobs/349727
Senior Software Engineer (Python/Django),Back Market,"Paris, France",https://stackoverflow.com/jobs/347057
Pythonエンジニア(R) / Webマーケティング・ネット広告,株式会社 クレスティア,"Shibuya City, Japan",https://stackoverflow.com/jobs/309503
Backend Developer – Python/Django,5 Monkeys Agency AB,"Stockholm, Sweden",https://stackoverflow.com/jobs/376507
Senior Python Developer,Lab Technologies SA,"Chiasso, Switzerland",https://stackoverflow.com/jobs/331824
Junior Python Web developer,Antcolony Technologies Pvt Ltd,"Kochi, India",https://stackoverflow.com/jobs/392155
back end developer( python),Shelby Management Solutions,"Bengaluru, India",https://stackoverflow.com/jobs/392286
Lead Python/Django Developer,TeleClinic GmbH,"München, Germany",https://stackoverflow.com/jobs/362635
"Python Developer (m/w/d), Backend, Massendatenverarbeitung",solute GmbH,"Karlsruhe, Deutschland",https://stackoverflow.com/jobs/283754
Backend Engineer - Python (m/f/d),FINEWAY,"Munich, Germany",https://stackoverflow.com/jobs/333801
(Senior) Python Developer Backend – Billing / Product,Lumenaza GmbH,"Berlin, Deutschland",https://stackoverflow.com/jobs/359016
Full-Stack Python Engineer,Gorgias,No office location,https://stackoverflow.com/jobs/374584
Backend Engineer - Python (m/f/d),FINEWAY,"Munich, Germany",https://stackoverflow.com/jobs/333801
back end developer( python),Shelby Management Solutions,"Bengaluru, India",https://stackoverflow.com/jobs/392286
Software Consultant (Python & PostgreSQL),Energytech Global,"Hyderabad, India",https://stackoverflow.com/jobs/343477
Pythonエンジニア / Webマーケティング・ネット広告,株式会社 クレスティア,"Shibuya City, Japan",https://stackoverflow.com/jobs/369231
Python and Django Developer,Vivenns,"Hyderabad, India",https://stackoverflow.com/jobs/343535
Senior Backend / Python Developer (m/f/d),byrd technologies GmbH,"Berlin, Deutschland",https://stackoverflow.com/jobs/353116
Backend Software Engineer (Python/Django) at Games Studio,Brightlobe,"London, UK",https://stackoverflow.com/jobs/353628
Senior Python Software Engineer - Join our growing team of 30+ developers,Tails.com,"Richmond, UK",https://stackoverflow.com/jobs/254448
Python programmer,HJ Software,"Hyderabad, India",https://stackoverflow.com/jobs/343481
Python Developer,Security Brigade,"Mumbai, India",https://stackoverflow.com/jobs/347252
Python/Django Software Developer (m/w/d),ClimatePartner,"München, Deutschland",https://stackoverflow.com/jobs/361172
Python Developer (Backend),Energyworx,"Houten, Netherlands",https://stackoverflow.com/jobs/165665
RTM- UI/Python,technosoft corporation,"Bengaluru, India",https://stackoverflow.com/jobs/380364
Fullstack Developer (Python),Concerto HealthAI,"Bengaluru, India",https://stackoverflow.com/jobs/380372
"Software Engineer Python, Machine Learning/AI",Truedge Software Solutions,"Hyderabad, India",https://stackoverflow.com/jobs/343504
Senior Python Developer,Creative Group,"Amsterdam, Netherlands",https://stackoverflow.com/jobs/393252
Site Reliability Engineer Who is Good at Python,Conducto,No office location,https://stackoverflow.com/jobs/388639
Python Developer,YouGov,No office location,https://stackoverflow.com/jobs/330681
Immediate Requirement for Django Python developer,Nimap Infotech,"Mumbai, India",https://stackoverflow.com/jobs/325945
Python Developer - Full Stack,Targetorate,"Hyderabad, India",https://stackoverflow.com/jobs/395976
Python Developer - Django/ Flask,Karoms Software,"Bengaluru, India",https://stackoverflow.com/jobs/362949
Software Developer C++/Python (f/m),UBIMET GmbH,"Wien, Österreich",https://stackoverflow.com/jobs/388220
"Backend Software Engineer – Go, Python and/or Scala",Green Man Gaming Limited,"London, UK",https://stackoverflow.com/jobs/391791
Python Software Engineer,bloomon,"Amsterdam, Netherlands",https://stackoverflow.com/jobs/286140
Senior Python Developer,Creative Group,"Amsterdam, Netherlands",https://stackoverflow.com/jobs/393252
Senior Java / Python Developer for international data analysis company,CARFAX Europe GmbH,"München, Germany",https://stackoverflow.com/jobs/255728
Software Developer - Python / AWS - India,HEROIC Cybersecurity,"Pune, India",https://stackoverflow.com/jobs/371935
Senior Python/Django Developer,TeleClinic GmbH,"München, Germany",https://stackoverflow.com/jobs/252586
Customer Support Engineer (Python) - Remote,Scrapinghub,No office location,https://stackoverflow.com/jobs/394263
Immediate Requirement for Django Python developer,Nimap Infotech,"Mumbai, India",https://stackoverflow.com/jobs/325945
Senior Python Engineer (AI/Big Data),FeedStockviaTroi,"London, UK",https://stackoverflow.com/jobs/394220
Sr Python/Django Developer,Vedya Info Solutions,"Bengaluru, India",https://stackoverflow.com/jobs/349774
Python Django Developer,XL Dynamics,"Navi Mumbai, India",https://stackoverflow.com/jobs/325884
Python Developer [m/w/x],Skalar Systems,"Graz, Austria",https://stackoverflow.com/jobs/390228
Python / Django Developer (m/f/d),Gotthardt Healthgroup AG,"Heidelberg, Deutschland",https://stackoverflow.com/jobs/394163
"Backend Software Engineer – Go, Python and/or Scala",Green Man Gaming Limited,"London, UK",https://stackoverflow.com/jobs/391791
Software Engineer - C++/Python/Java,SG Digital,"Bristol, UK",https://stackoverflow.com/jobs/292014
"Product focused Senior Developer, Python/TypeScript/AWS, London, £70-85,000",Housekeep - 6th Fastest Growing Tech Company in Europe 2019viaConfido Talent,"London, UK",https://stackoverflow.com/jobs/394459
Full-Stack Engineer (Python/React),TrustYou,"München, Germany",https://stackoverflow.com/jobs/377101
"Software Developer (m/w/d) Python, JavaScript, Linux",solute GmbH,"Karlsruhe, Deutschland",https://stackoverflow.com/jobs/283761
Senior Python Backend Developer (d/f/m) in Esports Data Startup,Bayes Esports Solutions GmbH,"Berlin, Deutschland",https://stackoverflow.com/jobs/364161
Pythonエンジニア【ビザスク開発グループ】 / インターネット/Webサービス・ASP,株式会社 ビザスク,"Meguro City, Japan",https://stackoverflow.com/jobs/366996
(Senior) Python Engineer / Architect (m/f/x) for Logistics #StaySafe,"AVANTGARDE - ""Creating Fans""","Berlin, Deutschland",https://stackoverflow.com/jobs/283674
Senior Python / Django Engineer,Sherpany AG,No office location,https://stackoverflow.com/jobs/360695
Python Solution Architect,FullStackTechies,"Bengaluru, India",https://stackoverflow.com/jobs/380352
Python Backend Developer (m/f/d) - Industrial Data Science and Software,Smart Steel Technologies GmbH,"Berlin, Germany",https://stackoverflow.com/jobs/334428
Pythonエンジニア / インターネット/Webサービス・ASP,クレジットエンジン 株式会社,"Minato City, Japan",https://stackoverflow.com/jobs/309608
バックエンドエンジニア(Python),株式会社キャリアデザインITパートナーズ,"Shinagawa City, Japan",https://stackoverflow.com/jobs/392934
Senior Python Engineer for Climate,"Climate Central, Inc.",No office location,https://stackoverflow.com/jobs/392616
Python Software Engineer,Administrate,"Beirut, Lebanon",https://stackoverflow.com/jobs/371364
Customer Support Engineer (Python) - Remote,Scrapinghub,No office location,https://stackoverflow.com/jobs/394263
"Java,.net,Python,Android,Web Designing,Software Testing",V P Placement,"Pune, India",https://stackoverflow.com/jobs/328140
"Software Engineer – Python, Java, Messaging",A-Line Staffing Solutions,"Durham, NC",https://stackoverflow.com/jobs/362582
大手 交通費支給/バックエンドエンジニア募集(Python),株式会社エーティーエス,"Kobe, Japan",https://stackoverflow.com/jobs/376049
Python Developer,Pattern Effects Labs,"Bengaluru, India",https://stackoverflow.com/jobs/380313
Quantitative Research Engineer (Python),Hudson River Trading,"New York, NY",https://stackoverflow.com/jobs/287292
Python Developer,3 Crown TechnologiesviaHays plc,"Varsity Lakes, Australia",https://stackoverflow.com/jobs/384129
Java with Python Developer (Software Engineer),Sequretek,"Bengaluru, India",https://stackoverflow.com/jobs/362961
Senior Python / Django Engineer,Sherpany AG,No office location,https://stackoverflow.com/jobs/360695
pythonエンジニア,トライアロー株式会社,"Sapporo, Japan",https://stackoverflow.com/jobs/369819
"Python Developer (Onsite in Paris, or Remote in France, UK, Germany)",PeopleDoc,No office location,https://stackoverflow.com/jobs/393644
Cloud Developer - Python,Paradox Security Systems,"Saint-Eustache, QC, Canada",https://stackoverflow.com/jobs/273596
Full Stack Software Engineer: Java / Python (m/f/d),creditshelf,"Frankfurt am Main, Deutschland",https://stackoverflow.com/jobs/219940
Mid-Level Python Developer w/ Opportunities for Leadership,Brightlobe,"London, UK",https://stackoverflow.com/jobs/294060
Python Technical Lead,FullStackTechies,"Bengaluru, India",https://stackoverflow.com/jobs/380325
7月/交通費全額支給 Python(Django)のPG募集,株式会社エーティーエス,"Minato City, Japan",https://stackoverflow.com/jobs/394703
Python Developer,Addpro Network pvt ltd,"Bengaluru, India",https://stackoverflow.com/jobs/380306
Python Developer suchen Kollegen (m/w/d),solute GmbH,"Karlsruhe, Deutschland",https://stackoverflow.com/jobs/284443
Full Stack Software Engineer: Java / Python (m/f/d),creditshelf,"Berlin, Deutschland",https://stackoverflow.com/jobs/376524
Senior Software Engineer with Python experience - Activation,Epidemic Sound AB,"Stockholm, Sweden",https://stackoverflow.com/jobs/389861
Python Engineer (m/f/d),e-bot7 GmbH,"München, Germany",https://stackoverflow.com/jobs/375389
Developer (Python OR JavaScript),Odoo,"Ramillies, Belgium",https://stackoverflow.com/jobs/167359
Python Developer,Kaspersky,"Moscow, Russia",https://stackoverflow.com/jobs/394912
Entry Level - Software Developer,Smoothstack,United States,https://www.indeed.com/viewjob?jk=29b56b2ad42143b4
Python Developer (Robotics),Berkshire Grey,"Lexington, MA",https://www.indeed.com/viewjob?jk=c8e8d599140eff2b
Statistician,Tigermed-BDM Inc.,"Somerset, NJ",https://www.indeed.com/viewjob?jk=de23122ee929c362
Python Developer,Systemonex INC,"New York, NY",https://www.indeed.com/viewjob?jk=261a6748688d29d6
Python Developer,Mountain Luxury Real Estate and Lodging,"Eden, UT",https://www.indeed.com/viewjob?jk=1c6c4b47e1c42195
Python Developer,Epsilon,"San Diego, CA",https://www.indeed.com/viewjob?jk=81cb9d711a7f33b0
Python developer,Ace-stack LLC,Virginia,https://www.indeed.com/viewjob?jk=e7ff3008632225d7
"MACHINE LEARNING ENGINEER - PYTHON, TENSORFLOW, #10647",InspiHER Tech,United States,https://www.indeed.com/viewjob?jk=a754b1fae51c41d2
Data Scientist Entry Level - Pathrise Recruiting Partners,Pathrise,Remote,https://www.indeed.com/viewjob?jk=57125117d2b4b0f6
Full Time Opportunities for Students or Recent Graduates: Data & Applied Sciences,Microsoft,"Redmond, WA",https://www.indeed.com/viewjob?jk=11baba484db23433
Jr. Software Developer - Remote,Piper Companies,"Raleigh, NC",https://www.indeed.com/viewjob?jk=91ac3fcf406a26e9
GIS Technician (Contract),Orbital Insight,United States,https://www.indeed.com/viewjob?jk=3e307741d1c78aec
Administrative Assistant,Computing Kids,"Seattle, WA",https://www.indeed.com/viewjob?jk=b95fff41c29e22fa
Foreign Affairs Officer,US Department of State,"Washington, DC",https://www.indeed.com/viewjob?jk=f0d539f68696d8b0
3D MEDICAL ANIMATOR,Advocacy Digital Media (ADM),United States,https://www.indeed.com/viewjob?jk=b24d48dce4027904
Software Developer - All Levels,Embedded Alliance,"Springfield, VA",https://www.indeed.com/viewjob?jk=f2898d1eb7aaaaf9
IBM Research AI Residency Program,IBM,United States,https://www.indeed.com/viewjob?jk=c806f946840b92e3
Python Developer,"Veritis Group, Inc","McLean, VA",https://www.indeed.com/viewjob?jk=2ff924394f08cec9
Python/Django Developer,Club Loop Technologies,"Tulsa, OK",https://www.indeed.com/viewjob?jk=8259cd63e78a0ec8
Python Instrutor/ Teacher,World.com,Remote,https://www.indeed.com/viewjob?jk=be6bf73154c4b0e4
Support,RStudio,United States,https://www.indeed.com/viewjob?jk=2c26339484d5141f
Python Developer [Remote],CloudLinux,"Palo Alto, CA",https://www.indeed.com/viewjob?jk=3d8ad817bd1a08d7
Python Developer Intern,OXO Solutions,"Ruby, SC",https://www.indeed.com/viewjob?jk=84a541c104b5b24c
Credit Risk Modeler/ BA,IST Inc.,"Charlotte, NC",https://www.indeed.com/viewjob?jk=fcb1510d008aead9
"PYTHON SOFTWARE ENGINEER-DEEP LEARNING, #10648",InspiHER Tech,United States,https://www.indeed.com/viewjob?jk=3dd6c509667887e7
Python Developer,NITR,"Arlington, VA",https://www.indeed.com/viewjob?jk=4535ba30de773e60
Front end UI Developer with Python,Ace-stack LLC,Virginia,https://www.indeed.com/viewjob?jk=43ccc8ec3d7cd94d
"Engineering, Intern",Plex,United States,https://www.indeed.com/viewjob?jk=71c334606b7555bb
Python developer (Backend) REMOTE,Ace-stack LLC,"Research Triangle Park, NC",https://www.indeed.com/viewjob?jk=aeed01dbd68defa8
Curriculum Developer,Computing Kids,"Seattle, WA",https://www.indeed.com/viewjob?jk=97667eddc0588b50
"Location: Washington, DC or Broomfield, CO",Kimetrica,Remote,https://www.indeed.com/viewjob?jk=e5205e26619e460c
Pro­ject En­gi­neer,Livermore Software Technology Corporation (LSTC),United States,https://www.indeed.com/viewjob?jk=3d4f1cc515c92f84
Junior Content Editor,Tesla Government,"Vienna, VA",https://www.indeed.com/viewjob?jk=6f37944f0a9f16cf
Consulting Professors,Saylor Academy,Remote,https://www.indeed.com/viewjob?jk=edb0eb6a7ba31772
Data Science Intern,Red Berry Innovations,"Springfield, NE",https://www.indeed.com/viewjob?jk=5030477dd211736c
Meteorological Field Scientist,CyberData Technologies,"Sterling, VA",https://www.indeed.com/viewjob?jk=053a6a28ebff5788
Tanium Engineer,Avancer Corporation,"Reston, VA",https://www.indeed.com/viewjob?jk=8951528b4c6a8cd3
Python or Golang Developer - USA Remote,Catalogic Software,"Woodcliff Lake, NJ",https://www.indeed.com/viewjob?jk=5bc6f1af7da17b62
"Test Engineer (Redhat Linux, Python & Shell) - SW952019",SyApps LLC,"Manassas, VA",https://www.indeed.com/viewjob?jk=b94f41f54c157fd3
Python full stack Developer,MARS Group,"Milwaukee, WI",https://www.indeed.com/viewjob?jk=49af96c7cdcf3d3f
Full-Time Research Assistant,UCLA,"Los Angeles, CA",https://www.indeed.com/viewjob?jk=52917bca79a47258
Technical Writer,Amazon.com Services LLC,United States,https://www.indeed.com/viewjob?jk=30e32b345ba8e9df
Backend Python Engineer - Remote,Doctor On Demand,"Minneapolis, MN",https://www.indeed.com/viewjob?jk=c5a324bdfca829ec
Python/Django Developer,Hash Technologies,"San Francisco, CA",https://www.indeed.com/viewjob?jk=9b6d9c414752b078
"Financial Analyst, Americas Customer Service",Amazon.com Services LLC,Remote,https://www.indeed.com/viewjob?jk=adc8162797f38f34
Python Developer W/Pyspark,"Key Business Solutions, Inc.","Hartford, CT",https://www.indeed.com/viewjob?jk=2f116b9c3caf4be2
CAD/GIS Analyst,Virginia Dept of State Police,"Chesterfield, VA",https://www.indeed.com/viewjob?jk=d495f92b3152f806
Data Analyst,Verde Natural,"Denver, CO",https://www.indeed.com/viewjob?jk=4be657163a6d54a3
Junior Python Developer,GTS,"New York, NY",https://www.indeed.com/viewjob?jk=f8f068da6dd93fa6
Python Developer,Obscurity Labs,"Ashburn, VA",https://www.indeed.com/viewjob?jk=eba1de3c091872be
Junior Python Developer for Imunify Security [Remote],CloudLinux,"Palo Alto, CA",https://www.indeed.com/viewjob?jk=7734a07e9334b8e1
Python summer Teacher,All for kids development center,"Jericho, NY",https://www.indeed.com/viewjob?jk=da779b96e67feb96
Python-Powershell developer-Sharepoint,DSMH LLC,"Peoria, IL",https://www.indeed.com/viewjob?jk=f370da4a5d356bff
Quantitative Trader - Entry Level,Avatar Securities,"Chicago, IL",https://www.indeed.com/viewjob?jk=d01efa8dad29efdc
Teaching Assistant Online and/or in person,Verano Learning Partners,"Goodyear, AZ",https://www.indeed.com/viewjob?jk=f610f844a29b6551
Football Data Analyst,Green Bay Packers,"Green Bay, WI",https://www.indeed.com/viewjob?jk=672c2414c9da98e5
Python Developer,Systech Corp,Remote,https://www.indeed.com/viewjob?jk=4d6e2b42ed19c1ec
Senior Python Developer,eMoney Advisor,Remote,https://www.indeed.com/viewjob?jk=b59a2281d58eefdf
Red Cyber Operator,PAE,"Fort Belvoir, VA",https://www.indeed.com/viewjob?jk=558efd947d5a675a
Entry Level - Software Developer,Smoothstack,United States,https://www.indeed.com/viewjob?jk=29b56b2ad42143b4
Red Cyber Operator,PAE,"Fort Belvoir, VA",https://www.indeed.com/viewjob?jk=558efd947d5a675a
Python Developer,Obscurity Labs,"Ashburn, VA",https://www.indeed.com/viewjob?jk=eba1de3c091872be
Python Developer,Pricesenz,"Denver, CO",https://www.indeed.com/viewjob?jk=12a71f349e5a068e
Python Developer,"Accolite, Inc.","San Francisco, CA",https://www.indeed.com/viewjob?jk=fba1d294996286c5
Python Developer,Lakarya LLC,"High Point, NC",https://www.indeed.com/viewjob?jk=00cc5e59eae314f3
Curriculum Developer,Computing Kids,"Seattle, WA",https://www.indeed.com/viewjob?jk=97667eddc0588b50
Immediate interview for Python Developer,Koreminds LLC,"Houston, TX",https://www.indeed.com/viewjob?jk=87197e1121942ba8
Senior Python Developer,Schrödinger,"New York, NY",https://www.indeed.com/viewjob?jk=80b271e2aede9312
Consulting Professors,Saylor Academy,Remote,https://www.indeed.com/viewjob?jk=edb0eb6a7ba31772
Python Developer,enexusglobal,"Ashburn, VA",https://www.indeed.com/viewjob?jk=67f8538c5f2afe6e
Data Scientist Entry Level - Pathrise Recruiting Partners,Pathrise,Remote,https://www.indeed.com/viewjob?jk=57125117d2b4b0f6
GIS Technician (Contract),Orbital Insight,United States,https://www.indeed.com/viewjob?jk=3e307741d1c78aec
Football Data Analyst,"Green Bay Packers, Inc.","Green Bay, WI",https://www.indeed.com/viewjob?jk=e2f326362ac3a2c5
Data Engineer,Samiti Technology Inc.,"Richmond, VA",https://www.indeed.com/viewjob?jk=75dd158303c28eae
Python / Unix administrator,Zensar Technologies,"Raleigh, NC",https://www.indeed.com/viewjob?jk=0105aae7fce94244
Python Data Engineer,"OneSource IT, Inc.","Reston, VA",https://www.indeed.com/viewjob?jk=4e6516e712a05e6c
Python Developer,Callsign Media,"Las Vegas, NV",https://www.indeed.com/viewjob?jk=345e22ca6e583be5
Python Developer,Smart Business Development,"San Juan, PR",https://www.indeed.com/viewjob?jk=bc90a699142502b5
Remote Junior Web Developer,Scopic,Remote,https://www.indeed.com/viewjob?jk=bd8b9d4eb4ff6b03
Junior Full Stack Developer ( Ruby on Rails/ Python ) - Remote,"FireEye, Inc.","Reston, VA",https://www.indeed.com/viewjob?jk=6d41c287015dfa77
CAD/GIS Analyst,Virginia Dept of State Police,"Chesterfield, VA",https://www.indeed.com/viewjob?jk=d495f92b3152f806
Software Developer - Python & Django,Anders Innovations,"Dallas, TX",https://www.indeed.com/viewjob?jk=8665e0b9139e296a
Python Developer,Sreyo Inc,"Morrisville, NC",https://www.indeed.com/viewjob?jk=df9b06ae15f40143
Python developer (Front end ) REMOTE,Ace-stack LLC,"Research Triangle Park, NC",https://www.indeed.com/viewjob?jk=fa5345e34935264c
Python and Machine Learning Instructor,World.com,"New York, NY",https://www.indeed.com/viewjob?jk=e95cd03e70b324f0
Python Developer,Business &Technology Integration,"San Juan, PR",https://www.indeed.com/viewjob?jk=306be3da2a944cfe
Python or Golang Developer - USA Remote,Catalogic Software,"Woodcliff Lake, NJ",https://www.indeed.com/viewjob?jk=5bc6f1af7da17b62
Bioinformatics Head,selfdecode.com,"New York, NY",https://www.indeed.com/viewjob?jk=9676c9444dcd7ea1
Entry Level Data Analyst,Hopjump,"Boston, MA",https://www.indeed.com/viewjob?jk=2532431132ffbda1
Python Developer,Infinitive Inc,"McLean, VA",https://www.indeed.com/viewjob?jk=7c8c948057751a5a
Contingent – Python Developer,First Republic Bank,"San Francisco, CA",https://www.indeed.com/viewjob?jk=b3d40c7189237ebf
Data Analyst Intern,Showwcase,"San Francisco, CA",https://www.indeed.com/viewjob?jk=a24bfc2102d523db
Sr Python Developer,"Intertech, Inc","Eagan, MN",https://www.indeed.com/viewjob?jk=41033841b8cc815d
Python/Django Developer,D-Tech,"Herndon, VA",https://www.indeed.com/viewjob?jk=5ba3cbc6c6cb54af
Online Coding Instructor,CodeWizardsHQ,"San Francisco, CA",https://www.indeed.com/viewjob?jk=14ee8dfa54897c9e
Python Developer,Haneke Design,"Tampa, FL",https://www.indeed.com/viewjob?jk=542b21736b6bca61
Support,RStudio,United States,https://www.indeed.com/viewjob?jk=2c26339484d5141f
Junior Programmer,Murphy Research,"Santa Monica, CA",https://www.indeed.com/viewjob?jk=d578170c516fe700
STEM + Unity Instructors,Delaware STEAM Academy,"Philadelphia, PA",https://www.indeed.com/viewjob?jk=a894ea45051b8983
Python Developer,Ioneq Inc.,"Boston, MA",https://www.indeed.com/viewjob?jk=ee6d0b2c18b80cf1
Python Developer,IDC Tech,"Cary, NC",https://www.indeed.com/viewjob?jk=e8f5907e73b90fa1
Python Developer,Piper Companies,"Saratoga, UT",https://www.indeed.com/viewjob?jk=d8202c52a74842b3
Python Developer,Maddisoft,"Austin, TX",https://www.indeed.com/viewjob?jk=1230f29263d29b8a
Python Developer,Schrödinger,"New York, NY",https://www.indeed.com/viewjob?jk=c24bb1897eba335e
Python Tutor,eTutorsZone,"Raleigh, NC",https://www.indeed.com/viewjob?jk=dae2ddf5999734bf
Python Developer,PruTech Solutions,"North Brunswick, NJ",https://www.indeed.com/viewjob?jk=17b7ae126272a1f5
Quantitative Researcher,DRW Trading Group,"Greenwich, CT",https://www.indeed.com/viewjob?jk=15a94ff5ccdda7cf
Software Developer (PYTHON),Techno Fincorp,"Jersey, GA",https://www.indeed.com/viewjob?jk=342f420b50547bfb
PYTHON DEVELOPER,Pythonwise,"Seattle, WA",https://www.indeed.com/viewjob?jk=1a20a1c56fb7df73
Python Engineer,Market America Inc,"Greensboro, NC",https://www.indeed.com/viewjob?jk=962361e08edf0a36
Sr. Python Developer,USCHAG,"Boston, MA",https://www.indeed.com/viewjob?jk=640e09a2dc34f29b
Statistician,Tigermed-BDM Inc.,"Somerset, NJ",https://www.indeed.com/viewjob?jk=de23122ee929c362
SR BIOINFORMATICS SCIENTIST OB/GYN RESEARCH,Inova Health System,"Falls Church, VA",https://www.indeed.com/viewjob?jk=084b149b7da39306
System Developer 2+ Years SQL / COBOL / RPG Experiance,Farmers Union Mutual Insurance Company,"Great Falls, MT",https://www.indeed.com/viewjob?jk=8cb29259779d91f8
Python Developer,Systemonex INC,"New York, NY",https://www.indeed.com/viewjob?jk=261a6748688d29d6
Python Developer,Mountain Luxury Real Estate and Lodging,"Eden, UT",https://www.indeed.com/viewjob?jk=1c6c4b47e1c42195
Python Developer,Epsilon,"San Diego, CA",https://www.indeed.com/viewjob?jk=81cb9d711a7f33b0
Python Developer (Robotics),Berkshire Grey,"Lexington, MA",https://www.indeed.com/viewjob?jk=c8e8d599140eff2b
Program Analyst,"Systems Planning and Analysis, Inc.","Alexandria, VA",https://www.indeed.com/viewjob?jk=a8afbe16d1a5711c
Control Systems/Software/Simulation Engineer (Aero),SimuLogix,"Chandler, AZ",https://www.indeed.com/viewjob?jk=323399cc21f6d7d4
Entry Level - Software Developer,Smoothstack,United States,https://www.indeed.com/viewjob?jk=29b56b2ad42143b4
Global Business Analyst,Modere,"Springville, UT",https://www.indeed.com/viewjob?jk=d227188e37f9907b
Sr Python Developer,"Intertech, Inc","Eagan, MN",https://www.indeed.com/viewjob?jk=41033841b8cc815d
Python Developer,Epsilon,"San Diego, CA",https://www.indeed.com/viewjob?jk=81cb9d711a7f33b0
SR BIOINFORMATICS SCIENTIST OB/GYN RESEARCH,Inova Health System,"Falls Church, VA",https://www.indeed.com/viewjob?jk=084b149b7da39306
Python Developer,Pilot Flying J,"Knoxville, TN",https://www.indeed.com/viewjob?jk=3be10bf402b7a008
Python Developer,Mountain Luxury Real Estate and Lodging,"Eden, UT",https://www.indeed.com/viewjob?jk=1c6c4b47e1c42195
Linux with Python Scripting,Nivid Technologies,"Richards, TX",https://www.indeed.com/viewjob?jk=ce5d8b355e2b3d7a
TEACHERS - Summer STEM classes,Black Rocket Productions,"Staunton, VA",https://www.indeed.com/viewjob?jk=8b0a783ad7f33b0a
Python Developer,Maddisoft,"Austin, TX",https://www.indeed.com/viewjob?jk=1230f29263d29b8a
Backend Developer - Remote,"Pixoul, Inc.","Silicon Valley, CA",https://www.indeed.com/viewjob?jk=863d8a8cc82cf505
Summer STEM Instructors,Black Rocket Productions,"Hampton, VA",https://www.indeed.com/viewjob?jk=c761195f7bf8259e
Penetration Testing Trainee (Remote USA),BreachLock,"Florida, NY",https://www.indeed.com/viewjob?jk=487b30db63184515
Python Tester,United Business Solutions Inc,"Fremont, CA",https://www.indeed.com/viewjob?jk=feea5a3c1327388f
Entry-Level Python Developer Teaching Assistant (Finance Sector),Trilogy Education,"Arlington County, VA",https://www.indeed.com/viewjob?jk=5f6df129c05df5c2
"AI, OpenCV, TensorFlow, Python, C++",DougsMod,"San Clemente, CA",https://www.indeed.com/viewjob?jk=72fe55d84e828ed3
Junior Software Developer,Anovium,"Richmond, VA",https://www.indeed.com/viewjob?jk=ba5058814c7354e7
Python Developer,Callsign Media,"Las Vegas, NV",https://www.indeed.com/viewjob?jk=345e22ca6e583be5
Entry Level - Software Developer,Smoothstack Inc,"Fairfax, VA",https://www.indeed.com/viewjob?jk=e49f6527e777a4a3
Research Staff Assistant,Columbia University,"New York, NY",https://www.indeed.com/viewjob?jk=3724d661fb2cf70e
DevOps Engineer(Python),HCL America Inc,"San Jose, CA",https://www.indeed.com/viewjob?jk=6821123b00f673e0
Geospatial Programmer,CENTRA Technology,"McLean, VA",https://www.indeed.com/viewjob?jk=7aff0661383b04cd
Content Contributor: SQL,Codecademy,Remote,https://www.indeed.com/viewjob?jk=5a6bceeb2d84701c
Data Scientist,Intelliloan,"Costa Mesa, CA",https://www.indeed.com/viewjob?jk=9bb1f9885cb9d315
STEM/ Technology Summer Camp Staff,Black Rocket Productions,"Springfield, VA",https://www.indeed.com/viewjob?jk=7006fa24ee9cc3b4
Orbit Analyst (Entry-Level),BOEING,"Herndon, VA",https://www.indeed.com/viewjob?jk=e414714d757ae5d9
Python Developer,Haneke Design,"Tampa, FL",https://www.indeed.com/viewjob?jk=542b21736b6bca61
Python Developer,PronixINC,"McLean, VA",https://www.indeed.com/viewjob?jk=e38c7e6adc26dd2d
"Python Developer, Junior",Trillion Technology Solutions,"Reston, VA",https://www.indeed.com/viewjob?jk=540f1f2bf5496d87
Jr. Python Developer,Money Source Inc,"Austin, TX",https://www.indeed.com/viewjob?jk=25c368b3d215285f
"Coordinator, Digital Support","iHeartMedia, Inc.","Nashville, TN",https://www.indeed.com/viewjob?jk=4a3b030117ba15ea
Quantitative Researcher,DRW Trading Group,"Greenwich, CT",https://www.indeed.com/viewjob?jk=15a94ff5ccdda7cf
Data Analyst,"DRB Systems, LLC","Meridian, ID",https://www.indeed.com/viewjob?jk=e0ecd50e3b30516a
Backend Developer,Fooda,Remote,https://www.indeed.com/viewjob?jk=8f46bc732d31c2b2
Software Developer (PYTHON),Techno Fincorp,"Jersey, GA",https://www.indeed.com/viewjob?jk=342f420b50547bfb
Entry Level Data Analyst,Hopjump,"Boston, MA",https://www.indeed.com/viewjob?jk=2532431132ffbda1
COVID Data Analyst,North Dakota State Government,North Dakota,https://www.indeed.com/viewjob?jk=7037ed47ac31ac54
IT Operations Apprenticeship,Optiver US,"Chicago, IL",https://www.indeed.com/viewjob?jk=ded646e357d5e664
Instructors - Summer STEM Camps,Black Rocket Productions,"Chantilly, VA",https://www.indeed.com/viewjob?jk=a0d7f6a4091bd29f
Data Engineer,Samiti Technology Inc.,"Richmond, VA",https://www.indeed.com/viewjob?jk=75dd158303c28eae
Online STEM Coding Coach,Code Wiz Arlington,"Arlington, MA",https://www.indeed.com/viewjob?jk=a59690600f88f8bd
Engineering Apprentice,LOCKHEED MARTIN CORPORATION,"Manassas, VA",https://www.indeed.com/viewjob?jk=d07e8404062e3979
DevSecOps Python Developer,Fusion Technical Solutions,"Denver, CO",https://www.indeed.com/viewjob?jk=dbc165dbb3931dda
Python Developer,Business &Technology Integration,"San Juan, PR",https://www.indeed.com/viewjob?jk=306be3da2a944cfe
Python Developer,Infinitive Inc,"McLean, VA",https://www.indeed.com/viewjob?jk=7c8c948057751a5a
Quantitative Analyst - Econometrics,Ibira Capital Management,"Highland Park, IL",https://www.indeed.com/viewjob?jk=4282489401058443
"Software Engineer, University Grad",Facebook,"Los Angeles, CA",https://www.indeed.com/viewjob?jk=26fa94f0770d4c29
Summer STEM/Technology Instructors,Black Rocket Productions,"Portsmouth, VA",https://www.indeed.com/viewjob?jk=d6be9abe0550ac42
Python Developer,Coveted Solutions,"Charlotte, NC",https://www.indeed.com/viewjob?jk=6f7e1c32ab8770c0
TBM Lead,Deloitte,"Atlanta, GA",https://www.indeed.com/viewjob?jk=713862081ee4fe2a
Entry Level Spacecraft Operations Systems Engineer,BOEING,"Springfield, VA",https://www.indeed.com/viewjob?jk=2b9dcd1990435857
Python/Django Developer,D-Tech,"Herndon, VA",https://www.indeed.com/viewjob?jk=5ba3cbc6c6cb54af
Business Development Associate - Strategy Analytics,"Bainbridge, Inc.",Remote,https://www.indeed.com/viewjob?jk=fb947a3ca2a5c627
PYTHON DEVELOPER,Pythonwise,"Seattle, WA",https://www.indeed.com/viewjob?jk=1a20a1c56fb7df73
Computer Science Summer Camp Teacher,Computing Kids,"Seattle, WA",https://www.indeed.com/viewjob?jk=f2eccd4e3b973b22
Data Scientist,Mars,United States,https://www.indeed.com/viewjob?jk=02c81080141e8dae
WiFi Tester with Python,EXCELACOM INC,"Greenwood Village, CO",https://www.indeed.com/viewjob?jk=f895820ff86786f7
Program Analyst,"Systems Planning and Analysis, Inc.","Alexandria, VA",https://www.indeed.com/viewjob?jk=a8afbe16d1a5711c
Entry Level - Software Developer,Smoothstack,United States,https://www.indeed.com/viewjob?jk=29b56b2ad42143b4
Control Systems/Software/Simulation Engineer (Aero),SimuLogix,"Chandler, AZ",https://www.indeed.com/viewjob?jk=323399cc21f6d7d4
Global Business Analyst,Modere,"Springville, UT",https://www.indeed.com/viewjob?jk=d227188e37f9907b
Sr Python Developer,"Intertech, Inc","Eagan, MN",https://www.indeed.com/viewjob?jk=41033841b8cc815d
Python Developer,Epsilon,"San Diego, CA",https://www.indeed.com/viewjob?jk=81cb9d711a7f33b0
SR BIOINFORMATICS SCIENTIST OB/GYN RESEARCH,Inova Health System,"Falls Church, VA",https://www.indeed.com/viewjob?jk=084b149b7da39306
Python Developer,Pilot Flying J,"Knoxville, TN",https://www.indeed.com/viewjob?jk=3be10bf402b7a008
Python Developer,Mountain Luxury Real Estate and Lodging,"Eden, UT",https://www.indeed.com/viewjob?jk=1c6c4b47e1c42195
Data Scientist,TrueAccord,Remote,https://www.indeed.com/viewjob?jk=f9f6d3581ec04a93
Engineering,RStudio,United States,https://www.indeed.com/viewjob?jk=f30a28ed7d8cf1fe
Research Programmer I,The Scripps Research Institute,"San Diego, CA",https://www.indeed.com/viewjob?jk=ee64291031114545
Research Associates,Rosenblatt Securities,"New York, NY",https://www.indeed.com/viewjob?jk=534b0c0cf2f350b5
Junior Software Engineer,"University of California, Santa Cruz","Santa Cruz, CA",https://www.indeed.com/viewjob?jk=f378ee24ddf4744e
Data Analyst,CSS-LUCAS,"Fort Bragg, NC",https://www.indeed.com/viewjob?jk=2e528e028407244c
Remote Work Analytics Director - Remote Work,Facebook,"Menlo Park, CA",https://www.indeed.com/viewjob?jk=c1bdc64680ba58b2
Entry level Data Scientist,Cloudbigdata Technologies,"Dallas, TX",https://www.indeed.com/viewjob?jk=1142b0b12401f542
GIS SPECIALIST,South Metro Fire Rescue Authority,"Centennial, CO",https://www.indeed.com/viewjob?jk=3ea60ae6e613260a
Data Scientist,Flipside Crypto,"Boston, MA",https://www.indeed.com/viewjob?jk=14faf390f8303631
"Data Engg Developers ( PYTHON, SQL)",Ace-stack LLC,California,https://www.indeed.com/viewjob?jk=3aa969679f3b47e6
Economist,SESCO Enterprises,United States,https://www.indeed.com/viewjob?jk=723673e2ecc4b5c9
Instructors - Summer STEM classes,Black Rocket Productions,"Charlottesville, VA",https://www.indeed.com/viewjob?jk=d2a6c2167d4c928a
Python Developer,Shark Analytics,"Mason, OH",https://www.indeed.com/viewjob?jk=084070a522bec023
Join one of our Talent Pools,RE Tech Advisors,"Falls Church, VA",https://www.indeed.com/viewjob?jk=6186321fb69787df
"Director, Technology",Sweetie Boy Delivers,"Colonial Heights, VA",https://www.indeed.com/viewjob?jk=627d75cc920c33e3
2020 - Mission Assurance Internship,Northrop Grumman,"Dulles, VA",https://www.indeed.com/viewjob?jk=8728c55863220913
Junior Programmer/Analyst,Valtim Incorporated,"Forest, VA",https://www.indeed.com/viewjob?jk=d07f2500b71f8cd2
Backend Developer,Pricesenz,"Willow, AK",https://www.indeed.com/viewjob?jk=e64db29f7e9a37c2
Data Scientist,Ryzen Solutions,"San Francisco, CA",https://www.indeed.com/viewjob?jk=38e5b04ccd0c78de
Early Career Database Developer,RTI International,"Durham, NC",https://www.indeed.com/viewjob?jk=e8da4c7dc56e9ec1
AI/ML Application Developer,Ace-stack LLC,Virginia,https://www.indeed.com/viewjob?jk=2fbd1f5b6a831a99
Entry Level Associate Analyst,"Innovative Decisions, Inc.","Vienna, VA",https://www.indeed.com/viewjob?jk=c1d87588aa697f32
Odoo Developer,DRC Techno,United States,https://www.indeed.com/viewjob?jk=ed63a57e4936e638
Sr. Python Developer,"BasisPath, Inc.","Herndon, VA",https://www.indeed.com/viewjob?jk=95c43bf4bcc1ba76
Software Engineering Intern (Python),Protagonist,"Washington, DC",https://www.indeed.com/viewjob?jk=fee93c46e45dec34
DevOps Engineer,"BigBear, Inc.","Reston, VA",https://www.indeed.com/viewjob?jk=ad9b372a12fbe7f2
"Backend Product Engineer, Python (Remote)",Telnyx,Remote,https://www.indeed.com/viewjob?jk=36572d4ce973df46
DevOps Engineer,Squirrels,"Canton, OH",https://www.indeed.com/viewjob?jk=3fe20e17d60426a2
Onsite Positions,Lumium,United States,https://www.indeed.com/viewjob?jk=c6fab4100995de1c
Game Engine Programmer,MindCoord,"Boston, MA",https://www.indeed.com/viewjob?jk=5f80e6be92629365
Laboratory technician position - basic and translational science lab,Memorial Sloan Kettering Cancer Center,"New York, NY",https://www.indeed.com/viewjob?jk=15ea24017e7061a8
2020 Apprenticeship Programs - Military (SkillBridge Program Only),"Amazon Web Services, Inc.","Herndon, VA",https://www.indeed.com/viewjob?jk=fcfc3ca4b5a2a953
Junior DevOps Engineer,Attain LLC,"Washington, DC",https://www.indeed.com/viewjob?jk=9eeaf3d0b332d334
LTE Python Automation Engineers,"Trigent Software, Inc","Mountain View, CA",https://www.indeed.com/viewjob?jk=6058cd53a1c5b7b8
Python Developer,Pricesenz,"Denver, CO",https://www.indeed.com/viewjob?jk=12a71f349e5a068e
Data Scientist,Pricesenz,"Broomfield, CO",https://www.indeed.com/viewjob?jk=0a7c4f43f6bf1e01
Cyber Defense Intern,CyberTexas Foundation,"San Antonio, TX",https://www.indeed.com/viewjob?jk=13ec095563d02f01
Robotics,CCAM,"Disputanta, VA",https://www.indeed.com/viewjob?jk=9369b3e5ec47ea1e
Academy Instructor,Institute for Educational Advancement,United States,https://www.indeed.com/viewjob?jk=b6379fae195f0bed
Python Developer,Stanley David & Associates,"Dallas, TX",https://www.indeed.com/viewjob?jk=8d3ea2d5a5b7bb5b
Data Analyst,Talent Network Solutions LLC,"Hartford, CT",https://www.indeed.com/viewjob?jk=8d4c6064c7b2e4f3
Python/Django Developer,Benji,"Denver, CO",https://www.indeed.com/viewjob?jk=8a7049ae6a164325
SQL Developer with Python S0219D,SyApps LLC,"Manassas, VA",https://www.indeed.com/viewjob?jk=4a2136b28aa66f47
Junior Programmer,Murphy Research,"Santa Monica, CA",https://www.indeed.com/viewjob?jk=d578170c516fe700
Entry-Level Economist/Analyst in Environmental and Natural Resource Economics,RTI International,"Durham, NC",https://www.indeed.com/viewjob?jk=02b154dfa1ac5feb
Football Data Analyst,"Green Bay Packers, Inc.","Green Bay, WI",https://www.indeed.com/viewjob?jk=e2f326362ac3a2c5
Global Business Analyst,Modere,"Springville, UT",https://www.indeed.com/viewjob?jk=d227188e37f9907b
Data Analyst,State Farm,"Bloomington, IL",https://www.indeed.com/viewjob?jk=e5a954ae57c919c9
Multiple Curriculum Writers Needed,Northern Virginia Community College,"Fairfax, VA",https://www.indeed.com/viewjob?jk=0ba444155a281cc9
STEM Summer Internship: Java & Python,Hitachi Vantara Corporation,"Atlanta, GA",https://www.indeed.com/viewjob?jk=12b85267de1e3035
Immediate interview for Python Developer,Koreminds LLC,"Houston, TX",https://www.indeed.com/viewjob?jk=87197e1121942ba8
Healthcare Data Analyst - Remote,SemanticBits LLC,"Herndon, VA",https://www.indeed.com/viewjob?jk=54dd8869dbe7bd7a
Marketing Data Analyst,Elephant Insurance,"Henrico, VA",https://www.indeed.com/viewjob?jk=ce664725e926ab67
Convertible Bonds Developer - Associate,"Nomura Holdings, Inc.",United States,https://www.indeed.com/viewjob?jk=66950beb40edfecd
Python programmer,Binary tech consulting corp,"Raleigh, NC",https://www.indeed.com/viewjob?jk=2bfcb63f822d6760
System Engineer,Spectric Labs,"Dulles, VA",https://www.indeed.com/viewjob?jk=3b1c52b36a3c0ff4
Data Scientist,Global Fishing Watch,"Oakland, CA",https://www.indeed.com/viewjob?jk=6e7b4efe3821eb15
Data Center Technician,"Amazon Data Services, Inc.","Manassas, VA",https://www.indeed.com/viewjob?jk=404a2507f23e5c69
Associate – Front Office Control & Surveillance (FOCS) Team Member,BNP Paribas,"New York, NY",https://www.indeed.com/viewjob?jk=54f7bfe8abf60ce6
Chemist III,State of Utah,"Salt Lake County, UT",https://www.indeed.com/viewjob?jk=1a39508522c00f4a
Full Stack Developer(Neo4j and Python),Axle Informatics,"North Bethesda, MD",https://www.indeed.com/viewjob?jk=90edffd4d0e72359
Datawarehouse Developer ( Python Exp required),Zadon Technology,"Richmond, VA",https://www.indeed.com/viewjob?jk=a4109ea8b34710f6
Software Engineer - Entry to Experienced Level (Multiple Locations,National Security Agency,"Fort Gordon, GA",https://www.indeed.com/viewjob?jk=960340fc1d5da745
Python Developer,Talent Network Solutions LLC,"Alpharetta, GA",https://www.indeed.com/viewjob?jk=285a916493a52db5
Business Analyst,Dolphin,"New York, NY",https://www.indeed.com/viewjob?jk=36f82824596d7ca6
Entry Level DevOps Engineer,Flexon Technologies Inc,"Pleasanton, CA",https://www.indeed.com/viewjob?jk=0498cb5b78334fe1
Soybean Pipeline Breeder,Bayer,Missouri,https://www.indeed.com/viewjob?jk=e8bd7b369f40fd62
Professional Research Assistant,University of Colorado,"Aurora, CO",https://www.indeed.com/viewjob?jk=21e86f1afa9fba16
Principal Data Scientist (Full-Time),Aware Healthcare,California,https://www.indeed.com/viewjob?jk=8729cb668b82be14
Python Developer,HireBlazer,"Santa Clara, CA",https://www.indeed.com/viewjob?jk=f9efade5c45ca8f6
Data Scientist,Spectric Labs,"Dulles, VA",https://www.indeed.com/viewjob?jk=737ce7fac54c7472
Contingent - Python Developer,First Republic Bank,"San Francisco, CA",https://www.indeed.com/viewjob?jk=c43cdac6d326f74d
Python Developer,Tech Systems,"Austin, TX",https://www.indeed.com/viewjob?jk=42b1e14145cc5b42
Computer Vision Engineer,Creative Electron,"San Marcos, CA",https://www.indeed.com/viewjob?jk=3f2b88ba972e5f8e
2020 - Mission Operations Development Intern,Northrop Grumman,"Dulles, VA",https://www.indeed.com/viewjob?jk=d8d03366143e175b
Director of Sports Science & Analytics,Austin FC,"Austin, TX",https://www.indeed.com/viewjob?jk=ffa3dedbcf13bbef
Applied Mathematician - R20-008,"Verite Group, Inc.","Dulles, VA",https://www.indeed.com/viewjob?jk=9fe665886cf79988
Investment Officer,Virginia VA Retirement System,"Richmond, VA",https://www.indeed.com/viewjob?jk=81847ec727b95f39
FedRAMP Cloud Operations Engineer-3rd Shift,Oracle,United States,https://www.indeed.com/viewjob?jk=b59094f6fbb04209
Software Developer - Python & Django,Anders Innovations,"Dallas, TX",https://www.indeed.com/viewjob?jk=8665e0b9139e296a
Pricing Analyst,Elephant Insurance,"Henrico, VA",https://www.indeed.com/viewjob?jk=ad40781f779ce74a
Python Developer,Gridiron IT,"Arlington, VA",https://www.indeed.com/viewjob?jk=bb42564b031f3460
"Programmer Analyst II (SAS, R, Python)",Kaiser Permanente,"Seattle, WA",https://www.indeed.com/viewjob?jk=6e3b0d3749092c35
Temporary Assistant Programmer,North Carolina State University,"Raleigh, NC",https://www.indeed.com/viewjob?jk=e456786f6a231678
Python Developer,"Accolite, Inc.","San Francisco, CA",https://www.indeed.com/viewjob?jk=fba1d294996286c5
C++ / Python Software Engineer,Luminous Analytics,"New York, NY",https://www.indeed.com/viewjob?jk=f19a4e371e20144f
Senior Python Developer,"SavantX, Inc","Santa Fe, NM",https://www.indeed.com/viewjob?jk=e3099808e3ffb258
Python Developer,ELEVI Associates,"Columbia, MD",https://www.indeed.com/viewjob?jk=4a07ce21fb45528d
Web Developer,"Equity National Title & Closing Services, Inc.","Providence, RI",https://www.indeed.com/viewjob?jk=0259b4e1440ceea4
Health Policy Data Analyst I,Logistics Management Institute,"Tysons, VA",https://www.indeed.com/viewjob?jk=de8b9181fecd38c3
Software Developer - entry level,SoftSages Technology Inc,"Chicago, IL",https://www.indeed.com/viewjob?jk=c5eab67154193863
Backend Web Developer,"Aptus Engineering, Inc.","Scottsdale, AZ",https://www.indeed.com/viewjob?jk=3dc1bdb1c5371b15
Data Scientist,Nowigence Inc.,"Charlotte, NC",https://www.indeed.com/viewjob?jk=7bcb1fdf9f3992a1
Sales,RStudio,United States,https://www.indeed.com/viewjob?jk=8f0c4d2a405bc478
Data Analyst- Remote,MoxieLash,California,https://www.indeed.com/viewjob?jk=b1817eab9062892a
Python Developer,Frontend Arts,California,https://www.indeed.com/viewjob?jk=61738b1830df2712
Remote Full Stack Python Developer (Contract),Workhuman,"Framingham, MA",https://www.indeed.com/viewjob?jk=d6f1dd9f98c21a55
Collaboration - Customer Success Specialist,Cisco Systems,"Research Triangle Park, NC",https://www.indeed.com/viewjob?jk=273adc242a82377d
GIS Developer (Python),"AceInfo Solutions, LLC","Fort Collins, CO",https://www.indeed.com/viewjob?jk=b4372c429467131d
System Developer 2+ Years SQL / COBOL / RPG Experiance,Farmers Union Mutual Insurance Company,"Great Falls, MT",https://www.indeed.com/viewjob?jk=8cb29259779d91f8
SR BIOINFORMATICS SCIENTIST OB/GYN RESEARCH,Inova Health System,"Falls Church, VA",https://www.indeed.com/viewjob?jk=084b149b7da39306
Python Developer,Mountain Luxury Real Estate and Lodging,"Eden, UT",https://www.indeed.com/viewjob?jk=1c6c4b47e1c42195
Python Developer,Epsilon,"San Diego, CA",https://www.indeed.com/viewjob?jk=81cb9d711a7f33b0
Red Cyber Operator,PAE,"Fort Belvoir, VA",https://www.indeed.com/viewjob?jk=558efd947d5a675a
Statistician,Tigermed-BDM Inc.,"Somerset, NJ",https://www.indeed.com/viewjob?jk=de23122ee929c362
Python Developer (Robotics),Berkshire Grey,"Lexington, MA",https://www.indeed.com/viewjob?jk=c8e8d599140eff2b
Python Developer,Systemonex INC,"New York, NY",https://www.indeed.com/viewjob?jk=261a6748688d29d6
Entry Level - Software Developer,Smoothstack,United States,https://www.indeed.com/viewjob?jk=29b56b2ad42143b4
